Classification,Year,Period,Period Desc.,Aggregate Level,Is Leaf Code,Trade Flow Code,Trade Flow,Reporter Code,Reporter,Reporter ISO,Partner Code,Partner,Partner ISO,2nd Partner Code,2nd Partner,2nd Partner ISO,Customs Proc. Code,Customs,Mode of Transport Code,Mode of Transport,Commodity Code,Commodity,Qty Unit Code,Qty Unit,Qty,Alt Qty Unit Code,Alt Qty Unit,Alt Qty,Netweight (kg),Gross weight (kg),Trade Value (US$),CIF Trade Value (US$),FOB Trade Value (US$),Flag
H4,2015,2015,2015,0,0,1,Import,124,Canada,CAN,0,World,WLD,,,,,,,,TOTAL,All Commodities,1,No Quantity,0,,,,,,419374729376,,,0
H4,2015,2015,2015,0,0,1,Import,124,Canada,CAN,4,Afghanistan,AFG,,,,,,,,TOTAL,All Commodities,1,No Quantity,0,,,,,,2358931,,,0
H4,2015,2015,2015,0,0,1,Import,124,Canada,CAN,8,Albania,ALB,,,,,,,,TOTAL,All Commodities,1,No Quantity,0,,,,,,6525399,,,0
H4,2015,2015,2015,0,0,1,Import,124,Canada,CAN,10,Antarctica,ATA,,,,,,,,TOTAL,All Commodities,1,No Quantity,0,,,,,,174115,,,0
H4,2015,2015,2015,0,0,1,Import,124,Canada,CAN,12,Algeria,DZA,,,,,,,,TOTAL,All Commodities,1,No Quantity,0,,,,,,744323089,,,0
H4,2015,2015,2015,0,0,1,Import,124,Canada,CAN,16,American Samoa,ASM,,,,,,,,TOTAL,All Commodities,1,No Quantity,0,,,,,,408720,,,0
H4,2015,2015,2015,0,0,1,Import,124,Canada,CAN,20,Andorra,AND,,,,,,,,TOTAL,All Commodities,1,No Quantity,0,,,,,,214650,,,0
H4,2015,2015,2015,0,0,1,Import,124,Canada,CAN,24,Angola,AGO,,,,,,,,TOTAL,All Commodities,1,No Quantity,0,,,,,,520154891,,,0
H4,2015,2015,2015,0,0,1,Import,124,Canada,CAN,28,Antigua and Barbuda,ATG,,,,,,,,TOTAL,All Commodities,1,No Quantity,0,,,,,,364314,,,0
H4,2015,2015,2015,0,0,1,Import,124,Canada,CAN,31,Azerbaijan,AZE,,,,,,,,TOTAL,All Commodities,1,No Quantity,0,,,,,,349562362,,,0
H4,2015,2015,2015,0,0,1,Import,124,Canada,CAN,32,Argentina,ARG,,,,,,,,TOTAL,All Commodities,1,No Quantity,0,,,,,,1462943503,,,0
H4,2015,2015,2015,0,0,1,Import,124,Canada,CAN,36,Australia,AUS,,,,,,,,TOTAL,All Commodities,1,No Quantity,0,,,,,,1313581663,,,0
H4,2015,2015,2015,0,0,1,Import,124,Canada,CAN,40,Austria,AUT,,,,,,,,TOTAL,All Commodities,1,No Quantity,0,,,,,,1400129999,,,0
H4,2015,2015,2015,0,0,1,Import,124,Canada,CAN,44,Bahamas,BHS,,,,,,,,TOTAL,All Commodities,1,No Quantity,0,,,,,,27946560,,,0
H4,2015,2015,2015,0,0,1,Import,124,Canada,CAN,48,Bahrain,BHR,,,,,,,,TOTAL,All Commodities,1,No Quantity,0,,,,,,33928512,,,0
H4,2015,2015,2015,0,0,1,Import,124,Canada,CAN,50,Bangladesh,BGD,,,,,,,,TOTAL,All Commodities,1,No Quantity,0,,,,,,1159049307,,,0
H4,2015,2015,2015,0,0,1,Import,124,Canada,CAN,51,Armenia,ARM,,,,,,,,TOTAL,All Commodities,1,No Quantity,0,,,,,,111705091,,,0
H4,2015,2015,2015,0,0,1,Import,124,Canada,CAN,52,Barbados,BRB,,,,,,,,TOTAL,All Commodities,1,No Quantity,0,,,,,,8839570,,,0
H4,2015,2015,2015,0,0,1,Import,124,Canada,CAN,56,Belgium,BEL,,,,,,,,TOTAL,All Commodities,1,No Quantity,0,,,,,,1704558211,,,0
H4,2015,2015,2015,0,0,1,Import,124,Canada,CAN,60,Bermuda,BMU,,,,,,,,TOTAL,All Commodities,1,No Quantity,0,,,,,,1408084,,,0
H4,2015,2015,2015,0,0,1,Import,124,Canada,CAN,64,Bhutan,BTN,,,,,,,,TOTAL,All Commodities,1,No Quantity,0,,,,,,266214,,,0
H4,2015,2015,2015,0,0,1,Import,124,Canada,CAN,68,Bolivia (Plurinational State of),BOL,,,,,,,,TOTAL,All Commodities,1,No Quantity,0,,,,,,149485181,,,0
H4,2015,2015,2015,0,0,1,Import,124,Canada,CAN,70,Bosnia Herzegovina,BIH,,,,,,,,TOTAL,All Commodities,1,No Quantity,0,,,,,,17335790,,,0
H4,2015,2015,2015,0,0,1,Import,124,Canada,CAN,72,Botswana,BWA,,,,,,,,TOTAL,All Commodities,1,No Quantity,0,,,,,,1554234,,,0
H4,2015,2015,2015,0,0,1,Import,124,Canada,CAN,74,Bouvet Island,BVT,,,,,,,,TOTAL,All Commodities,1,No Quantity,0,,,,,,4991,,,0
H4,2015,2015,2015,0,0,1,Import,124,Canada,CAN,76,Brazil,BRA,,,,,,,,TOTAL,All Commodities,1,No Quantity,0,,,,,,2928589279,,,0
H4,2015,2015,2015,0,0,1,Import,124,Canada,CAN,84,Belize,BLZ,,,,,,,,TOTAL,All Commodities,1,No Quantity,0,,,,,,2906470,,,0
H4,2015,2015,2015,0,0,1,Import,124,Canada,CAN,86,Br. Indian Ocean Terr.,IOT,,,,,,,,TOTAL,All Commodities,1,No Quantity,0,,,,,,17280,,,0
H4,2015,2015,2015,0,0,1,Import,124,Canada,CAN,90,Solomon Isds,SLB,,,,,,,,TOTAL,All Commodities,1,No Quantity,0,,,,,,211275,,,0
H4,2015,2015,2015,0,0,1,Import,124,Canada,CAN,92,Br. Virgin Isds,VGB,,,,,,,,TOTAL,All Commodities,1,No Quantity,0,,,,,,1178084,,,0
H4,2015,2015,2015,0,0,1,Import,124,Canada,CAN,96,Brunei Darussalam,BRN,,,,,,,,TOTAL,All Commodities,1,No Quantity,0,,,,,,3431314,,,0
H4,2015,2015,2015,0,0,1,Import,124,Canada,CAN,100,Bulgaria,BGR,,,,,,,,TOTAL,All Commodities,1,No Quantity,0,,,,,,100835634,,,0
H4,2015,2015,2015,0,0,1,Import,124,Canada,CAN,104,Myanmar,MMR,,,,,,,,TOTAL,All Commodities,1,No Quantity,0,,,,,,21496560,,,0
H4,2015,2015,2015,0,0,1,Import,124,Canada,CAN,108,Burundi,BDI,,,,,,,,TOTAL,All Commodities,1,No Quantity,0,,,,,,405924,,,0
H4,2015,2015,2015,0,0,1,Import,124,Canada,CAN,112,Belarus,BLR,,,,,,,,TOTAL,All Commodities,1,No Quantity,0,,,,,,27621129,,,0
H4,2015,2015,2015,0,0,1,Import,124,Canada,CAN,116,Cambodia,KHM,,,,,,,,TOTAL,All Commodities,1,No Quantity,0,,,,,,806655515,,,0
H4,2015,2015,2015,0,0,1,Import,124,Canada,CAN,120,Cameroon,CMR,,,,,,,,TOTAL,All Commodities,1,No Quantity,0,,,,,,5492974,,,0
H4,2015,2015,2015,0,0,1,Import,124,Canada,CAN,124,Canada,CAN,,,,,,,,TOTAL,All Commodities,1,No Quantity,0,,,,,,3084809457,,,0
H4,2015,2015,2015,0,0,1,Import,124,Canada,CAN,132,Cabo Verde,CPV,,,,,,,,TOTAL,All Commodities,1,No Quantity,0,,,,,,71230,,,0
H4,2015,2015,2015,0,0,1,Import,124,Canada,CAN,136,Cayman Isds,CYM,,,,,,,,TOTAL,All Commodities,1,No Quantity,0,,,,,,464489,,,0
H4,2015,2015,2015,0,0,1,Import,124,Canada,CAN,140,Central African Rep.,CAF,,,,,,,,TOTAL,All Commodities,1,No Quantity,0,,,,,,292222,,,0
H4,2015,2015,2015,0,0,1,Import,124,Canada,CAN,144,Sri Lanka,LKA,,,,,,,,TOTAL,All Commodities,1,No Quantity,0,,,,,,261211818,,,0
H4,2015,2015,2015,0,0,1,Import,124,Canada,CAN,148,Chad,TCD,,,,,,,,TOTAL,All Commodities,1,No Quantity,0,,,,,,159527,,,0
H4,2015,2015,2015,0,0,1,Import,124,Canada,CAN,152,Chile,CHL,,,,,,,,TOTAL,All Commodities,1,No Quantity,0,,,,,,1450092022,,,0
H4,2015,2015,2015,0,0,1,Import,124,Canada,CAN,156,China,CHN,,,,,,,,TOTAL,All Commodities,1,No Quantity,0,,,,,,51368522083,,,0
H4,2015,2015,2015,0,0,1,Import,124,Canada,CAN,162,Christmas Isds,CXR,,,,,,,,TOTAL,All Commodities,1,No Quantity,0,,,,,,20945,,,0
H4,2015,2015,2015,0,0,1,Import,124,Canada,CAN,166,Cocos Isds,CCK,,,,,,,,TOTAL,All Commodities,1,No Quantity,0,,,,,,22519,,,0
H4,2015,2015,2015,0,0,1,Import,124,Canada,CAN,170,Colombia,COL,,,,,,,,TOTAL,All Commodities,1,No Quantity,0,,,,,,648641736,,,0
H4,2015,2015,2015,0,0,1,Import,124,Canada,CAN,174,Comoros,COM,,,,,,,,TOTAL,All Commodities,1,No Quantity,0,,,,,,78974,,,0
H4,2015,2015,2015,0,0,1,Import,124,Canada,CAN,178,Congo,COG,,,,,,,,TOTAL,All Commodities,1,No Quantity,0,,,,,,14208683,,,0
H4,2015,2015,2015,0,0,1,Import,124,Canada,CAN,180,Dem. Rep. of the Congo,COD,,,,,,,,TOTAL,All Commodities,1,No Quantity,0,,,,,,55713456,,,0
H4,2015,2015,2015,0,0,1,Import,124,Canada,CAN,184,Cook Isds,COK,,,,,,,,TOTAL,All Commodities,1,No Quantity,0,,,,,,87837,,,0
H4,2015,2015,2015,0,0,1,Import,124,Canada,CAN,188,Costa Rica,CRI,,,,,,,,TOTAL,All Commodities,1,No Quantity,0,,,,,,393704280,,,0
H4,2015,2015,2015,0,0,1,Import,124,Canada,CAN,191,Croatia,HRV,,,,,,,,TOTAL,All Commodities,1,No Quantity,0,,,,,,41945829,,,0
H4,2015,2015,2015,0,0,1,Import,124,Canada,CAN,192,Cuba,CUB,,,,,,,,TOTAL,All Commodities,1,No Quantity,0,,,,,,406995053,,,0
H4,2015,2015,2015,0,0,1,Import,124,Canada,CAN,196,Cyprus,CYP,,,,,,,,TOTAL,All Commodities,1,No Quantity,0,,,,,,3060653,,,0
H4,2015,2015,2015,0,0,1,Import,124,Canada,CAN,203,Czechia,CZE,,,,,,,,TOTAL,All Commodities,1,No Quantity,0,,,,,,456311631,,,0
H4,2015,2015,2015,0,0,1,Import,124,Canada,CAN,204,Benin,BEN,,,,,,,,TOTAL,All Commodities,1,No Quantity,0,,,,,,14164,,,0
H4,2015,2015,2015,0,0,1,Import,124,Canada,CAN,208,Denmark,DNK,,,,,,,,TOTAL,All Commodities,1,No Quantity,0,,,,,,797400891,,,0
H4,2015,2015,2015,0,0,1,Import,124,Canada,CAN,212,Dominica,DMA,,,,,,,,TOTAL,All Commodities,1,No Quantity,0,,,,,,569094,,,0
H4,2015,2015,2015,0,0,1,Import,124,Canada,CAN,214,Dominican Rep.,DOM,,,,,,,,TOTAL,All Commodities,1,No Quantity,0,,,,,,799529673,,,0
H4,2015,2015,2015,0,0,1,Import,124,Canada,CAN,218,Ecuador,ECU,,,,,,,,TOTAL,All Commodities,1,No Quantity,0,,,,,,248029462,,,0
H4,2015,2015,2015,0,0,1,Import,124,Canada,CAN,222,El Salvador,SLV,,,,,,,,TOTAL,All Commodities,1,No Quantity,0,,,,,,85101672,,,0
H4,2015,2015,2015,0,0,1,Import,124,Canada,CAN,226,Equatorial Guinea,GNQ,,,,,,,,TOTAL,All Commodities,1,No Quantity,0,,,,,,16227,,,0
H4,2015,2015,2015,0,0,1,Import,124,Canada,CAN,231,Ethiopia,ETH,,,,,,,,TOTAL,All Commodities,1,No Quantity,0,,,,,,19122048,,,0
H4,2015,2015,2015,0,0,1,Import,124,Canada,CAN,232,Eritrea,ERI,,,,,,,,TOTAL,All Commodities,1,No Quantity,0,,,,,,15192766,,,0
H4,2015,2015,2015,0,0,1,Import,124,Canada,CAN,233,Estonia,EST,,,,,,,,TOTAL,All Commodities,1,No Quantity,0,,,,,,84108612,,,0
H4,2015,2015,2015,0,0,1,Import,124,Canada,CAN,234,Faeroe Isds,FRO,,,,,,,,TOTAL,All Commodities,1,No Quantity,0,,,,,,10775064,,,0
H4,2015,2015,2015,0,0,1,Import,124,Canada,CAN,238,Falkland Isds (Malvinas),FLK,,,,,,,,TOTAL,All Commodities,1,No Quantity,0,,,,,,693402,,,0
H4,2015,2015,2015,0,0,1,Import,124,Canada,CAN,242,Fiji,FJI,,,,,,,,TOTAL,All Commodities,1,No Quantity,0,,,,,,4787366,,,0
H4,2015,2015,2015,0,0,1,Import,124,Canada,CAN,246,Finland,FIN,,,,,,,,TOTAL,All Commodities,1,No Quantity,0,,,,,,759912896,,,0
H4,2015,2015,2015,0,0,1,Import,124,Canada,CAN,251,France,FRA,,,,,,,,TOTAL,All Commodities,1,No Quantity,0,,,,,,5324051202,,,0
H4,2015,2015,2015,0,0,1,Import,124,Canada,CAN,258,French Polynesia,PYF,,,,,,,,TOTAL,All Commodities,1,No Quantity,0,,,,,,897106,,,0
H4,2015,2015,2015,0,0,1,Import,124,Canada,CAN,260,Fr. South Antarctic Terr.,ATF,,,,,,,,TOTAL,All Commodities,1,No Quantity,0,,,,,,860,,,0
H4,2015,2015,2015,0,0,1,Import,124,Canada,CAN,262,Djibouti,DJI,,,,,,,,TOTAL,All Commodities,1,No Quantity,0,,,,,,9286,,,0
H4,2015,2015,2015,0,0,1,Import,124,Canada,CAN,266,Gabon,GAB,,,,,,,,TOTAL,All Commodities,1,No Quantity,0,,,,,,14048135,,,0
H4,2015,2015,2015,0,0,1,Import,124,Canada,CAN,268,Georgia,GEO,,,,,,,,TOTAL,All Commodities,1,No Quantity,0,,,,,,78763089,,,0
H4,2015,2015,2015,0,0,1,Import,124,Canada,CAN,270,Gambia,GMB,,,,,,,,TOTAL,All Commodities,1,No Quantity,0,,,,,,123987,,,0
H4,2015,2015,2015,0,0,1,Import,124,Canada,CAN,276,Germany,DEU,,,,,,,,TOTAL,All Commodities,1,No Quantity,0,,,,,,13568535697,,,0
H4,2015,2015,2015,0,0,1,Import,124,Canada,CAN,288,Ghana,GHA,,,,,,,,TOTAL,All Commodities,1,No Quantity,0,,,,,,38965131,,,0
H4,2015,2015,2015,0,0,1,Import,124,Canada,CAN,292,Gibraltar,GIB,,,,,,,,TOTAL,All Commodities,1,No Quantity,0,,,,0,,14769,,,0
H4,2015,2015,2015,0,0,1,Import,124,Canada,CAN,296,Kiribati,KIR,,,,,,,,TOTAL,All Commodities,1,No Quantity,0,,,,,,24029,,,0
H4,2015,2015,2015,0,0,1,Import,124,Canada,CAN,300,Greece,GRC,,,,,,,,TOTAL,All Commodities,1,No Quantity,0,,,,,,178724687,,,0
H4,2015,2015,2015,0,0,1,Import,124,Canada,CAN,304,Greenland,GRL,,,,,,,,TOTAL,All Commodities,1,No Quantity,0,,,,,,432177,,,0
H4,2015,2015,2015,0,0,1,Import,124,Canada,CAN,308,Grenada,GRD,,,,,,,,TOTAL,All Commodities,1,No Quantity,0,,,,,,1730006,,,0
H4,2015,2015,2015,0,0,1,Import,124,Canada,CAN,316,Guam,GUM,,,,,,,,TOTAL,All Commodities,1,No Quantity,0,,,,,,200442,,,0
H4,2015,2015,2015,0,0,1,Import,124,Canada,CAN,320,Guatemala,GTM,,,,,,,,TOTAL,All Commodities,1,No Quantity,0,,,,,,489889036,,,0
H4,2015,2015,2015,0,0,1,Import,124,Canada,CAN,324,Guinea,GIN,,,,,,,,TOTAL,All Commodities,1,No Quantity,0,,,,,,45865741,,,0
H4,2015,2015,2015,0,0,1,Import,124,Canada,CAN,328,Guyana,GUY,,,,,,,,TOTAL,All Commodities,1,No Quantity,0,,,,,,212480148,,,0
H4,2015,2015,2015,0,0,1,Import,124,Canada,CAN,332,Haiti,HTI,,,,,,,,TOTAL,All Commodities,1,No Quantity,0,,,,,,30116496,,,0
H4,2015,2015,2015,0,0,1,Import,124,Canada,CAN,334,Heard Island and McDonald Islands,HMD,,,,,,,,TOTAL,All Commodities,1,No Quantity,0,,,,,,15347,,,0
H4,2015,2015,2015,0,0,1,Import,124,Canada,CAN,340,Honduras,HND,,,,,,,,TOTAL,All Commodities,1,No Quantity,0,,,,,,263571563,,,0
H4,2015,2015,2015,0,0,1,Import,124,Canada,CAN,344,"China, Hong Kong SAR",HKG,,,,,,,,TOTAL,All Commodities,1,No Quantity,0,,,,,,252860338,,,0
H4,2015,2015,2015,0,0,1,Import,124,Canada,CAN,348,Hungary,HUN,,,,,,,,TOTAL,All Commodities,1,No Quantity,0,,,,,,478737692,,,0
H4,2015,2015,2015,0,0,1,Import,124,Canada,CAN,352,Iceland,ISL,,,,,,,,TOTAL,All Commodities,1,No Quantity,0,,,,,,76774707,,,0
H4,2015,2015,2015,0,0,1,Import,124,Canada,CAN,360,Indonesia,IDN,,,,,,,,TOTAL,All Commodities,1,No Quantity,0,,,,,,1307959547,,,0
H4,2015,2015,2015,0,0,1,Import,124,Canada,CAN,364,Iran,IRN,,,,,,,,TOTAL,All Commodities,1,No Quantity,0,,,,,,21096127,,,0
H4,2015,2015,2015,0,0,1,Import,124,Canada,CAN,368,Iraq,IRQ,,,,,,,,TOTAL,All Commodities,1,No Quantity,0,,,,,,197600,,,0
H4,2015,2015,2015,0,0,1,Import,124,Canada,CAN,372,Ireland,IRL,,,,,,,,TOTAL,All Commodities,1,No Quantity,0,,,,,,1313020100,,,0
H4,2015,2015,2015,0,0,1,Import,124,Canada,CAN,376,Israel,ISR,,,,,,,,TOTAL,All Commodities,1,No Quantity,0,,,,,,945388657,,,0
H4,2015,2015,2015,0,0,1,Import,124,Canada,CAN,381,Italy,ITA,,,,,,,,TOTAL,All Commodities,1,No Quantity,0,,,,,,5766788003,,,0
H4,2015,2015,2015,0,0,1,Import,124,Canada,CAN,384,Côte d'Ivoire,CIV,,,,,,,,TOTAL,All Commodities,1,No Quantity,0,,,,,,237593391,,,0
H4,2015,2015,2015,0,0,1,Import,124,Canada,CAN,388,Jamaica,JAM,,,,,,,,TOTAL,All Commodities,1,No Quantity,0,,,,,,189794258,,,0
H4,2015,2015,2015,0,0,1,Import,124,Canada,CAN,392,Japan,JPN,,,,,,,,TOTAL,All Commodities,1,No Quantity,0,,,,,,11561571509,,,0
H4,2015,2015,2015,0,0,1,Import,124,Canada,CAN,398,Kazakhstan,KAZ,,,,,,,,TOTAL,All Commodities,1,No Quantity,0,,,,,,408869904,,,0
H4,2015,2015,2015,0,0,1,Import,124,Canada,CAN,400,Jordan,JOR,,,,,,,,TOTAL,All Commodities,1,No Quantity,0,,,,,,60390177,,,0
H4,2015,2015,2015,0,0,1,Import,124,Canada,CAN,404,Kenya,KEN,,,,,,,,TOTAL,All Commodities,1,No Quantity,0,,,,,,24119655,,,0
H4,2015,2015,2015,0,0,1,Import,124,Canada,CAN,408,Dem. People's Rep. of Korea,PRK,,,,,,,,TOTAL,All Commodities,1,No Quantity,0,,,,,,144047,,,0
H4,2015,2015,2015,0,0,1,Import,124,Canada,CAN,410,Rep. of Korea,KOR,,,,,,,,TOTAL,All Commodities,1,No Quantity,0,,,,,,6448132425,,,0
H4,2015,2015,2015,0,0,1,Import,124,Canada,CAN,414,Kuwait,KWT,,,,,,,,TOTAL,All Commodities,1,No Quantity,0,,,,,,12238504,,,0
H4,2015,2015,2015,0,0,1,Import,124,Canada,CAN,417,Kyrgyzstan,KGZ,,,,,,,,TOTAL,All Commodities,1,No Quantity,0,,,,,,194670,,,0
H4,2015,2015,2015,0,0,1,Import,124,Canada,CAN,418,Lao People's Dem. Rep.,LAO,,,,,,,,TOTAL,All Commodities,1,No Quantity,0,,,,,,18586030,,,0
H4,2015,2015,2015,0,0,1,Import,124,Canada,CAN,422,Lebanon,LBN,,,,,,,,TOTAL,All Commodities,1,No Quantity,0,,,,,,21927560,,,0
H4,2015,2015,2015,0,0,1,Import,124,Canada,CAN,426,Lesotho,LSO,,,,,,,,TOTAL,All Commodities,1,No Quantity,0,,,,,,5512288,,,0
H4,2015,2015,2015,0,0,1,Import,124,Canada,CAN,428,Latvia,LVA,,,,,,,,TOTAL,All Commodities,1,No Quantity,0,,,,,,34088516,,,0
H4,2015,2015,2015,0,0,1,Import,124,Canada,CAN,430,Liberia,LBR,,,,,,,,TOTAL,All Commodities,1,No Quantity,0,,,,,,31768161,,,0
H4,2015,2015,2015,0,0,1,Import,124,Canada,CAN,434,Libya,LBY,,,,,,,,TOTAL,All Commodities,1,No Quantity,0,,,,,,11127497,,,0
H4,2015,2015,2015,0,0,1,Import,124,Canada,CAN,440,Lithuania,LTU,,,,,,,,TOTAL,All Commodities,1,No Quantity,0,,,,,,184128128,,,0
H4,2015,2015,2015,0,0,1,Import,124,Canada,CAN,442,Luxembourg,LUX,,,,,,,,TOTAL,All Commodities,1,No Quantity,0,,,,,,144405441,,,0
H4,2015,2015,2015,0,0,1,Import,124,Canada,CAN,446,"China, Macao SAR",MAC,,,,,,,,TOTAL,All Commodities,1,No Quantity,0,,,,,,4665684,,,0
H4,2015,2015,2015,0,0,1,Import,124,Canada,CAN,450,Madagascar,MDG,,,,,,,,TOTAL,All Commodities,1,No Quantity,0,,,,,,62513067,,,0
H4,2015,2015,2015,0,0,1,Import,124,Canada,CAN,454,Malawi,MWI,,,,,,,,TOTAL,All Commodities,1,No Quantity,0,,,,,,2429000,,,0
H4,2015,2015,2015,0,0,1,Import,124,Canada,CAN,458,Malaysia,MYS,,,,,,,,TOTAL,All Commodities,1,No Quantity,0,,,,,,2064526278,,,0
H4,2015,2015,2015,0,0,1,Import,124,Canada,CAN,462,Maldives,MDV,,,,,,,,TOTAL,All Commodities,1,No Quantity,0,,,,,,854940,,,0
H4,2015,2015,2015,0,0,1,Import,124,Canada,CAN,466,Mali,MLI,,,,,,,,TOTAL,All Commodities,1,No Quantity,0,,,,,,692185,,,0
H4,2015,2015,2015,0,0,1,Import,124,Canada,CAN,470,Malta,MLT,,,,,,,,TOTAL,All Commodities,1,No Quantity,0,,,,,,43873274,,,0
H4,2015,2015,2015,0,0,1,Import,124,Canada,CAN,478,Mauritania,MRT,,,,,,,,TOTAL,All Commodities,1,No Quantity,0,,,,,,174790,,,0
H4,2015,2015,2015,0,0,1,Import,124,Canada,CAN,480,Mauritius,MUS,,,,,,,,TOTAL,All Commodities,1,No Quantity,0,,,,,,19007063,,,0
H4,2015,2015,2015,0,0,1,Import,124,Canada,CAN,484,Mexico,MEX,,,,,,,,TOTAL,All Commodities,1,No Quantity,0,,,,,,24410295004,,,0
H4,2015,2015,2015,0,0,1,Import,124,Canada,CAN,490,"Other Asia, nes",,,,,,,,,TOTAL,All Commodities,1,No Quantity,0,,,,,,4270335894,,,0
H4,2015,2015,2015,0,0,1,Import,124,Canada,CAN,496,Mongolia,MNG,,,,,,,,TOTAL,All Commodities,1,No Quantity,0,,,,,,2198354,,,0
H4,2015,2015,2015,0,0,1,Import,124,Canada,CAN,498,Rep. of Moldova,MDA,,,,,,,,TOTAL,All Commodities,1,No Quantity,0,,,,,,7755163,,,0
H4,2015,2015,2015,0,0,1,Import,124,Canada,CAN,499,Montenegro,MNE,,,,,,,,TOTAL,All Commodities,1,No Quantity,0,,,,,,530028,,,0
H4,2015,2015,2015,0,0,1,Import,124,Canada,CAN,500,Montserrat,MSR,,,,,,,,TOTAL,All Commodities,1,No Quantity,0,,,,,,182504,,,0
H4,2015,2015,2015,0,0,1,Import,124,Canada,CAN,504,Morocco,MAR,,,,,,,,TOTAL,All Commodities,1,No Quantity,0,,,,,,321485949,,,0
H4,2015,2015,2015,0,0,1,Import,124,Canada,CAN,508,Mozambique,MOZ,,,,,,,,TOTAL,All Commodities,1,No Quantity,0,,,,,,708675,,,0
H4,2015,2015,2015,0,0,1,Import,124,Canada,CAN,512,Oman,OMN,,,,,,,,TOTAL,All Commodities,1,No Quantity,0,,,,,,40470797,,,0
H4,2015,2015,2015,0,0,1,Import,124,Canada,CAN,516,Namibia,NAM,,,,,,,,TOTAL,All Commodities,1,No Quantity,0,,,,,,99946559,,,0
H4,2015,2015,2015,0,0,1,Import,124,Canada,CAN,520,Nauru,NRU,,,,,,,,TOTAL,All Commodities,1,No Quantity,0,,,,,,275022,,,0
H4,2015,2015,2015,0,0,1,Import,124,Canada,CAN,524,Nepal,NPL,,,,,,,,TOTAL,All Commodities,1,No Quantity,0,,,,,,11164428,,,0
H4,2015,2015,2015,0,0,1,Import,124,Canada,CAN,528,Netherlands,NLD,,,,,,,,TOTAL,All Commodities,1,No Quantity,0,,,,,,2686988774,,,0
H4,2015,2015,2015,0,0,1,Import,124,Canada,CAN,531,Curaçao,CUW,,,,,,,,TOTAL,All Commodities,1,No Quantity,0,,,,,,4172476,,,0
H4,2015,2015,2015,0,0,1,Import,124,Canada,CAN,533,Aruba,ABW,,,,,,,,TOTAL,All Commodities,1,No Quantity,0,,,,,,42395440,,,0
H4,2015,2015,2015,0,0,1,Import,124,Canada,CAN,534,Saint Maarten,SXM,,,,,,,,TOTAL,All Commodities,1,No Quantity,0,,,,0,,19021,,,0
H4,2015,2015,2015,0,0,1,Import,124,Canada,CAN,535,Bonaire,BES,,,,,,,,TOTAL,All Commodities,1,No Quantity,0,,,,,,263,,,0
H4,2015,2015,2015,0,0,1,Import,124,Canada,CAN,540,New Caledonia,NCL,,,,,,,,TOTAL,All Commodities,1,No Quantity,0,,,,,,512164,,,0
H4,2015,2015,2015,0,0,1,Import,124,Canada,CAN,548,Vanuatu,VUT,,,,,,,,TOTAL,All Commodities,1,No Quantity,0,,,,,,31356,,,0
H4,2015,2015,2015,0,0,1,Import,124,Canada,CAN,554,New Zealand,NZL,,,,,,,,TOTAL,All Commodities,1,No Quantity,0,,,,,,533985884,,,0
H4,2015,2015,2015,0,0,1,Import,124,Canada,CAN,558,Nicaragua,NIC,,,,,,,,TOTAL,All Commodities,1,No Quantity,0,,,,,,108983228,,,0
H4,2015,2015,2015,0,0,1,Import,124,Canada,CAN,562,Niger,NER,,,,,,,,TOTAL,All Commodities,1,No Quantity,0,,,,,,1465553,,,0
H4,2015,2015,2015,0,0,1,Import,124,Canada,CAN,566,Nigeria,NGA,,,,,,,,TOTAL,All Commodities,1,No Quantity,0,,,,,,814771093,,,0
H4,2015,2015,2015,0,0,1,Import,124,Canada,CAN,570,Niue,NIU,,,,,,,,TOTAL,All Commodities,1,No Quantity,0,,,,,,141333,,,0
H4,2015,2015,2015,0,0,1,Import,124,Canada,CAN,574,Norfolk Isds,NFK,,,,,,,,TOTAL,All Commodities,1,No Quantity,0,,,,,,29026,,,0
H4,2015,2015,2015,0,0,1,Import,124,Canada,CAN,579,Norway,NOR,,,,,,,,TOTAL,All Commodities,1,No Quantity,0,,,,,,1328482440,,,0
H4,2015,2015,2015,0,0,1,Import,124,Canada,CAN,581,United States Minor Outlying Islands,UMI,,,,,,,,TOTAL,All Commodities,1,No Quantity,0,,,,,,3807081,,,0
H4,2015,2015,2015,0,0,1,Import,124,Canada,CAN,586,Pakistan,PAK,,,,,,,,TOTAL,All Commodities,1,No Quantity,0,,,,,,274628306,,,0
H4,2015,2015,2015,0,0,1,Import,124,Canada,CAN,591,Panama,PAN,,,,,,,,TOTAL,All Commodities,1,No Quantity,0,,,,,,8597742,,,0
H4,2015,2015,2015,0,0,1,Import,124,Canada,CAN,598,Papua New Guinea,PNG,,,,,,,,TOTAL,All Commodities,1,No Quantity,0,,,,,,2528166,,,0
H4,2015,2015,2015,0,0,1,Import,124,Canada,CAN,600,Paraguay,PRY,,,,,,,,TOTAL,All Commodities,1,No Quantity,0,,,,,,9943833,,,0
H4,2015,2015,2015,0,0,1,Import,124,Canada,CAN,604,Peru,PER,,,,,,,,TOTAL,All Commodities,1,No Quantity,0,,,,,,2550908064,,,0
H4,2015,2015,2015,0,0,1,Import,124,Canada,CAN,608,Philippines,PHL,,,,,,,,TOTAL,All Commodities,1,No Quantity,0,,,,,,1110524967,,,0
H4,2015,2015,2015,0,0,1,Import,124,Canada,CAN,612,Pitcairn,PCN,,,,,,,,TOTAL,All Commodities,1,No Quantity,0,,,,,,15204,,,0
H4,2015,2015,2015,0,0,1,Import,124,Canada,CAN,616,Poland,POL,,,,,,,,TOTAL,All Commodities,1,No Quantity,0,,,,,,1379404062,,,0
H4,2015,2015,2015,0,0,1,Import,124,Canada,CAN,620,Portugal,PRT,,,,,,,,TOTAL,All Commodities,1,No Quantity,0,,,,,,484573071,,,0
H4,2015,2015,2015,0,0,1,Import,124,Canada,CAN,624,Guinea-Bissau,GNB,,,,,,,,TOTAL,All Commodities,1,No Quantity,0,,,,,,2478,,,0
H4,2015,2015,2015,0,0,1,Import,124,Canada,CAN,626,Timor-Leste,TLS,,,,,,,,TOTAL,All Commodities,1,No Quantity,0,,,,,,2228829,,,0
H4,2015,2015,2015,0,0,1,Import,124,Canada,CAN,634,Qatar,QAT,,,,,,,,TOTAL,All Commodities,1,No Quantity,0,,,,,,38633505,,,0
H4,2015,2015,2015,0,0,1,Import,124,Canada,CAN,642,Romania,ROU,,,,,,,,TOTAL,All Commodities,1,No Quantity,0,,,,,,210764315,,,0
H4,2015,2015,2015,0,0,1,Import,124,Canada,CAN,643,Russian Federation,RUS,,,,,,,,TOTAL,All Commodities,1,No Quantity,0,,,,,,812321976,,,0
H4,2015,2015,2015,0,0,1,Import,124,Canada,CAN,646,Rwanda,RWA,,,,,,,,TOTAL,All Commodities,1,No Quantity,0,,,,,,900577,,,0
H4,2015,2015,2015,0,0,1,Import,124,Canada,CAN,654,Saint Helena,SHN,,,,,,,,TOTAL,All Commodities,1,No Quantity,0,,,,,,127560,,,0
H4,2015,2015,2015,0,0,1,Import,124,Canada,CAN,659,Saint Kitts and Nevis,KNA,,,,,,,,TOTAL,All Commodities,1,No Quantity,0,,,,,,3183113,,,0
H4,2015,2015,2015,0,0,1,Import,124,Canada,CAN,660,Anguilla,AIA,,,,,,,,TOTAL,All Commodities,1,No Quantity,0,,,,,,177042,,,0
H4,2015,2015,2015,0,0,1,Import,124,Canada,CAN,662,Saint Lucia,LCA,,,,,,,,TOTAL,All Commodities,1,No Quantity,0,,,,,,189540,,,0
H4,2015,2015,2015,0,0,1,Import,124,Canada,CAN,666,Saint Pierre and Miquelon,SPM,,,,,,,,TOTAL,All Commodities,1,No Quantity,0,,,,,,1698067,,,0
H4,2015,2015,2015,0,0,1,Import,124,Canada,CAN,670,Saint Vincent and the Grenadines,VCT,,,,,,,,TOTAL,All Commodities,1,No Quantity,0,,,,,,85826,,,0
H4,2015,2015,2015,0,0,1,Import,124,Canada,CAN,678,Sao Tome and Principe,STP,,,,,,,,TOTAL,All Commodities,1,No Quantity,0,,,,,,15905,,,0
H4,2015,2015,2015,0,0,1,Import,124,Canada,CAN,682,Saudi Arabia,SAU,,,,,,,,TOTAL,All Commodities,1,No Quantity,0,,,,,,1561090695,,,0
H4,2015,2015,2015,0,0,1,Import,124,Canada,CAN,686,Senegal,SEN,,,,,,,,TOTAL,All Commodities,1,No Quantity,0,,,,,,6564683,,,0
H4,2015,2015,2015,0,0,1,Import,124,Canada,CAN,688,Serbia,SRB,,,,,,,,TOTAL,All Commodities,1,No Quantity,0,,,,,,61713627,,,0
H4,2015,2015,2015,0,0,1,Import,124,Canada,CAN,690,Seychelles,SYC,,,,,,,,TOTAL,All Commodities,1,No Quantity,0,,,,,,3651064,,,0
H4,2015,2015,2015,0,0,1,Import,124,Canada,CAN,694,Sierra Leone,SLE,,,,,,,,TOTAL,All Commodities,1,No Quantity,0,,,,,,2210844,,,0
H4,2015,2015,2015,0,0,1,Import,124,Canada,CAN,699,India,IND,,,,,,,,TOTAL,All Commodities,1,No Quantity,0,,,,,,3079217995,,,0
H4,2015,2015,2015,0,0,1,Import,124,Canada,CAN,702,Singapore,SGP,,,,,,,,TOTAL,All Commodities,1,No Quantity,0,,,,,,746490322,,,0
H4,2015,2015,2015,0,0,1,Import,124,Canada,CAN,703,Slovakia,SVK,,,,,,,,TOTAL,All Commodities,1,No Quantity,0,,,,,,301047638,,,0
H4,2015,2015,2015,0,0,1,Import,124,Canada,CAN,704,Viet Nam,VNM,,,,,,,,TOTAL,All Commodities,1,No Quantity,0,,,,,,3199617498,,,0
H4,2015,2015,2015,0,0,1,Import,124,Canada,CAN,705,Slovenia,SVN,,,,,,,,TOTAL,All Commodities,1,No Quantity,0,,,,,,112446023,,,0
H4,2015,2015,2015,0,0,1,Import,124,Canada,CAN,706,Somalia,SOM,,,,,,,,TOTAL,All Commodities,1,No Quantity,0,,,,,,208848,,,0
H4,2015,2015,2015,0,0,1,Import,124,Canada,CAN,710,South Africa,ZAF,,,,,,,,TOTAL,All Commodities,1,No Quantity,0,,,,,,688415412,,,0
H4,2015,2015,2015,0,0,1,Import,124,Canada,CAN,716,Zimbabwe,ZWE,,,,,,,,TOTAL,All Commodities,1,No Quantity,0,,,,,,1755425,,,0
H4,2015,2015,2015,0,0,1,Import,124,Canada,CAN,724,Spain,ESP,,,,,,,,TOTAL,All Commodities,1,No Quantity,0,,,,,,1836289766,,,0
H4,2015,2015,2015,0,0,1,Import,124,Canada,CAN,728,South Sudan,SSD,,,,,,,,TOTAL,All Commodities,1,No Quantity,0,,,,,,329,,,0
H4,2015,2015,2015,0,0,1,Import,124,Canada,CAN,729,Sudan,SDN,,,,,,,,TOTAL,All Commodities,1,No Quantity,0,,,,,,24084894,,,0
H4,2015,2015,2015,0,0,1,Import,124,Canada,CAN,732,Western Sahara,ESH,,,,,,,,TOTAL,All Commodities,1,No Quantity,0,,,,,,28605,,,0
H4,2015,2015,2015,0,0,1,Import,124,Canada,CAN,740,Suriname,SUR,,,,,,,,TOTAL,All Commodities,1,No Quantity,0,,,,,,99446700,,,0
H4,2015,2015,2015,0,0,1,Import,124,Canada,CAN,748,Eswatini,SWZ,,,,,,,,TOTAL,All Commodities,1,No Quantity,0,,,,,,1479692,,,0
H4,2015,2015,2015,0,0,1,Import,124,Canada,CAN,752,Sweden,SWE,,,,,,,,TOTAL,All Commodities,1,No Quantity,0,,,,,,1459627944,,,0
H4,2015,2015,2015,0,0,1,Import,124,Canada,CAN,757,Switzerland,CHE,,,,,,,,TOTAL,All Commodities,1,No Quantity,0,,,,,,3542757729,,,0
H4,2015,2015,2015,0,0,1,Import,124,Canada,CAN,760,Syria,SYR,,,,,,,,TOTAL,All Commodities,1,No Quantity,0,,,,,,718104,,,0
H4,2015,2015,2015,0,0,1,Import,124,Canada,CAN,762,Tajikistan,TJK,,,,,,,,TOTAL,All Commodities,1,No Quantity,0,,,,,,32659,,,0
H4,2015,2015,2015,0,0,1,Import,124,Canada,CAN,764,Thailand,THA,,,,,,,,TOTAL,All Commodities,1,No Quantity,0,,,,,,2435742616,,,0
H4,2015,2015,2015,0,0,1,Import,124,Canada,CAN,768,Togo,TGO,,,,,,,,TOTAL,All Commodities,1,No Quantity,0,,,,,,19248529,,,0
H4,2015,2015,2015,0,0,1,Import,124,Canada,CAN,776,Tonga,TON,,,,,,,,TOTAL,All Commodities,1,No Quantity,0,,,,,,7650,,,0
H4,2015,2015,2015,0,0,1,Import,124,Canada,CAN,780,Trinidad and Tobago,TTO,,,,,,,,TOTAL,All Commodities,1,No Quantity,0,,,,,,267962664,,,0
H4,2015,2015,2015,0,0,1,Import,124,Canada,CAN,784,United Arab Emirates,ARE,,,,,,,,TOTAL,All Commodities,1,No Quantity,0,,,,,,110660363,,,0
H4,2015,2015,2015,0,0,1,Import,124,Canada,CAN,788,Tunisia,TUN,,,,,,,,TOTAL,All Commodities,1,No Quantity,0,,,,,,66712563,,,0
H4,2015,2015,2015,0,0,1,Import,124,Canada,CAN,792,Turkey,TUR,,,,,,,,TOTAL,All Commodities,1,No Quantity,0,,,,,,1012193666,,,0
H4,2015,2015,2015,0,0,1,Import,124,Canada,CAN,795,Turkmenistan,TKM,,,,,,,,TOTAL,All Commodities,1,No Quantity,0,,,,,,1622048,,,0
H4,2015,2015,2015,0,0,1,Import,124,Canada,CAN,796,Turks and Caicos Isds,TCA,,,,,,,,TOTAL,All Commodities,1,No Quantity,0,,,,,,659573,,,0
H4,2015,2015,2015,0,0,1,Import,124,Canada,CAN,800,Uganda,UGA,,,,,,,,TOTAL,All Commodities,1,No Quantity,0,,,,,,7351432,,,0
H4,2015,2015,2015,0,0,1,Import,124,Canada,CAN,804,Ukraine,UKR,,,,,,,,TOTAL,All Commodities,1,No Quantity,0,,,,,,52852573,,,0
H4,2015,2015,2015,0,0,1,Import,124,Canada,CAN,807,North Macedonia,MKD,,,,,,,,TOTAL,All Commodities,1,No Quantity,0,,,,,,10184754,,,0
H4,2015,2015,2015,0,0,1,Import,124,Canada,CAN,818,Egypt,EGY,,,,,,,,TOTAL,All Commodities,1,No Quantity,0,,,,,,579934162,,,0
H4,2015,2015,2015,0,0,1,Import,124,Canada,CAN,826,United Kingdom,GBR,,,,,,,,TOTAL,All Commodities,1,No Quantity,0,,,,,,7194444896,,,0
H4,2015,2015,2015,0,0,1,Import,124,Canada,CAN,834,United Rep. of Tanzania,TZA,,,,,,,,TOTAL,All Commodities,1,No Quantity,0,,,,,,9721348,,,0
H4,2015,2015,2015,0,0,1,Import,124,Canada,CAN,842,USA,USA,,,,,,,,TOTAL,All Commodities,1,No Quantity,0,,,,,,223174131106,,,0
H4,2015,2015,2015,0,0,1,Import,124,Canada,CAN,854,Burkina Faso,BFA,,,,,,,,TOTAL,All Commodities,1,No Quantity,0,,,,,,28463049,,,0
H4,2015,2015,2015,0,0,1,Import,124,Canada,CAN,858,Uruguay,URY,,,,,,,,TOTAL,All Commodities,1,No Quantity,0,,,,,,72655555,,,0
H4,2015,2015,2015,0,0,1,Import,124,Canada,CAN,860,Uzbekistan,UZB,,,,,,,,TOTAL,All Commodities,1,No Quantity,0,,,,,,293979,,,0
H4,2015,2015,2015,0,0,1,Import,124,Canada,CAN,862,Venezuela,VEN,,,,,,,,TOTAL,All Commodities,1,No Quantity,0,,,,,,83892396,,,0
H4,2015,2015,2015,0,0,1,Import,124,Canada,CAN,876,Wallis and Futuna Isds,WLF,,,,,,,,TOTAL,All Commodities,1,No Quantity,0,,,,,,25073,,,0
H4,2015,2015,2015,0,0,1,Import,124,Canada,CAN,882,Samoa,WSM,,,,,,,,TOTAL,All Commodities,1,No Quantity,0,,,,,,36827,,,0
H4,2015,2015,2015,0,0,1,Import,124,Canada,CAN,887,Yemen,YEM,,,,,,,,TOTAL,All Commodities,1,No Quantity,0,,,,,,228244,,,0
H4,2015,2015,2015,0,0,1,Import,124,Canada,CAN,894,Zambia,ZMB,,,,,,,,TOTAL,All Commodities,1,No Quantity,0,,,,,,2279307,,,0
